TRADEDATE,MGNT,LNTA,MVID,FIVE
2014-09-01,8900.0,425.0,188.99,
2014-09-02,9010.0,430.0,183.5,
2014-09-03,9409.2,440.99,198.71,
2014-09-04,9508.0,434.98,195.97,
2014-09-05,9750.0,438.99,199.23,
2014-09-08,9590.0,444.0,196.75,
2014-09-09,9760.0,444.19,197.26,
2014-09-10,9810.0,444.93,190.0,
2014-09-11,9929.0,442.12,190.75,
2014-09-12,9924.7,420.01,188.55,
2014-09-15,9877.0,426.0,193.24,
2014-09-16,10000.0,434.0,192.29,
2014-09-17,9812.0,428.97,192.5,
2014-09-18,9840.0,438.97,192.99,
2014-09-19,9650.0,433.0,194.99,
2014-09-22,9530.0,432.01,195.74,
2014-09-23,9750.0,432.1,202.0,
2014-09-24,9940.0,422.17,208.08,
2014-09-25,10000.0,439.0,208.0,
2014-09-26,9957.0,441.01,201.0,
2014-09-29,9845.5,430.05,197.81,
2014-09-30,9920.0,432.98,201.0,
2014-10-01,9884.9,426.0,201.4,
2014-10-02,9770.0,437.0,199.9,
2014-10-03,9987.0,431.0,199.2,
2014-10-06,10256.0,433.0,198.8,
2014-10-07,10059.0,432.0,198.3,
2014-10-08,9998.0,438.0,197.1,
2014-10-09,10245.0,437.0,197.0,
2014-10-10,10280.0,439.0,192.1,
2014-10-13,10260.0,441.0,187.0,
2014-10-14,10390.0,418.0,188.8,
2014-10-15,10218.1,404.0,185.4,
2014-10-16,10150.0,391.0,185.4,
2014-10-17,9980.0,401.0,190.0,
2014-10-20,9949.9,418.0,190.0,
2014-10-21,10085.0,421.0,186.9,
2014-10-22,10080.0,421.0,181.8,
2014-10-23,10150.0,425.0,190.2,
2014-10-24,10180.0,421.0,188.2,
2014-10-27,10240.0,417.0,204.5,
2014-10-28,10897.0,416.0,204.0,
2014-10-29,11205.0,421.0,204.0,
2014-10-30,11370.0,416.0,205.4,
2014-10-31,11900.0,420.0,211.9,
2014-11-03,11849.0,423.0,215.0,
2014-11-05,11855.0,427.0,213.9,
2014-11-06,11930.0,431.0,215.9,
2014-11-07,11750.0,417.0,211.0,
2014-11-10,11750.0,417.0,211.6,
2014-11-11,11600.0,417.0,211.0,
2014-11-12,11830.0,412.0,213.2,
2014-11-13,11790.0,407.0,212.2,
2014-11-14,11850.0,413.0,212.2,
2014-11-17,11750.0,409.0,212.0,
2014-11-18,11789.8,406.0,213.2,
2014-11-19,11640.0,398.0,215.0,
2014-11-20,11700.0,397.0,214.6,
2014-11-21,11752.0,388.0,214.0,
2014-11-24,11899.0,382.0,214.9,
2014-11-25,11850.0,390.0,215.3,
2014-11-26,11899.9,399.0,216.2,
2014-11-27,11845.0,399.0,215.8,
2014-11-28,11795.0,390.0,214.0,
2014-12-01,11840.0,381.0,209.2,
2014-12-02,12300.0,379.0,203.7,
2014-12-03,12299.0,374.0,201.0,
2014-12-04,12010.0,376.0,208.1,
2014-12-05,11525.0,375.0,208.4,
2014-12-08,11404.0,369.0,204.0,
2014-12-09,11201.0,350.0,201.1,
2014-12-10,11350.0,350.0,200.5,
2014-12-11,11000.0,367.0,190.7,
2014-12-12,10770.0,381.0,186.0,
2014-12-15,10195.0,423.0,150.4,
2014-12-16,10600.0,449.0,130.0,
2014-12-17,10050.0,379.0,134.0,
2014-12-18,10600.0,375.0,135.0,
2014-12-19,10400.0,391.0,129.8,
2014-12-22,10000.0,419.0,132.8,
2014-12-23,10100.0,405.0,132.3,
2014-12-24,10005.0,385.0,128.3,
2014-12-25,9964.0,381.0,123.0,
2014-12-26,10292.0,390.0,123.6,
2014-12-29,10160.0,375.0,123.8,
2014-12-30,9701.0,364.0,123.4,
2015-01-05,9877.0,400.0,135.5,
2015-01-06,10400.0,402.0,146.0,
2015-01-08,10627.0,416.0,148.5,
2015-01-09,10542.0,400.0,145.9,
2015-01-12,10689.0,410.0,141.7,
2015-01-13,11180.0,451.0,136.9,
2015-01-14,11450.0,449.0,136.5,
2015-01-15,11304.0,427.0,135.0,
2015-01-16,11350.0,434.0,132.0,
2015-01-19,11235.0,426.0,127.5,
2015-01-20,11395.0,426.0,128.3,
2015-01-21,11855.0,423.0,140.5,
2015-01-22,12070.0,425.0,148.2,
2015-01-23,11750.0,419.0,151.0,
2015-01-26,11540.0,414.0,143.7,
2015-01-27,11270.0,420.0,142.4,
2015-01-28,10200.0,403.0,142.3,
2015-01-29,10550.0,388.0,140.4,
2015-01-30,10590.0,405.0,139.6,
2015-02-02,10190.0,381.0,141.6,
2015-02-03,10400.0,383.0,142.0,
2015-02-04,10340.0,380.0,143.8,
2015-02-05,10235.0,370.0,152.0,
2015-02-06,11075.0,377.0,157.0,
2015-02-09,11440.0,381.0,159.0,
2015-02-10,11490.0,374.0,160.8,
2015-02-11,11500.0,380.0,160.3,
2015-02-12,11855.0,399.0,165.8,
2015-02-13,12250.0,430.0,169.3,
2015-02-16,11920.0,439.0,174.8,
2015-02-17,11820.0,433.0,177.0,
2015-02-18,11766.0,426.0,181.8,
2015-02-19,11800.0,434.0,175.0,
2015-02-20,11796.0,458.0,173.0,
2015-02-24,11687.0,470.0,171.2,
2015-02-25,11510.0,463.0,166.5,
2015-02-26,11574.0,452.0,166.4,
2015-02-27,11305.0,452.0,166.3,
2015-03-02,11367.0,449.0,180.4,
2015-03-03,11650.0,436.0,181.4,
2015-03-04,11100.0,412.0,176.0,
2015-03-05,11360.0,404.0,179.5,
2015-03-06,11347.0,388.0,178.9,
2015-03-10,10820.0,391.0,173.1,
2015-03-11,10835.0,379.0,172.2,
2015-03-12,10600.0,412.0,174.2,
2015-03-13,10350.0,428.0,172.0,
2015-03-16,10350.0,423.0,169.3,
2015-03-17,10360.0,427.0,168.3,
2015-03-18,10699.0,409.0,164.0,
2015-03-19,10500.0,405.0,162.1,
2015-03-20,10900.0,407.0,164.6,
2015-03-23,10550.0,399.0,164.7,
2015-03-24,10798.0,407.0,169.0,
2015-03-25,11000.0,408.0,178.7,
2015-03-26,11140.0,408.0,183.0,
2015-03-27,11038.0,429.0,179.1,
2015-03-30,11185.0,440.0,189.8,
2015-03-31,11350.0,446.0,193.0,
2015-04-01,11750.0,449.0,197.0,
2015-04-02,11971.0,445.0,195.0,
2015-04-03,11799.0,440.0,195.2,
2015-04-06,11900.0,441.0,196.0,
2015-04-07,12020.0,443.0,196.0,
2015-04-08,11890.0,439.0,190.0,
2015-04-09,11744.0,430.0,189.7,
2015-04-10,11711.0,417.0,185.4,
2015-04-13,12300.0,422.0,191.4,
2015-04-14,11801.0,405.0,190.0,
2015-04-15,11870.0,417.0,195.7,
2015-04-16,11600.0,421.0,195.7,
2015-04-17,11520.0,425.0,201.6,
2015-04-20,11664.0,423.0,212.5,
2015-04-21,12207.0,440.0,214.0,
2015-04-22,12135.0,430.0,209.5,
2015-04-23,11900.0,430.0,204.9,
2015-04-24,11824.0,432.0,208.0,
2015-04-27,11577.0,449.0,211.1,
2015-04-28,11350.0,441.0,210.0,
2015-04-29,11458.0,448.0,208.0,
2015-04-30,11280.0,446.0,208.0,
2015-05-05,11038.0,448.0,207.0,
2015-05-06,11083.0,440.0,208.0,
2015-05-07,11090.0,440.0,206.3,
2015-05-08,11295.0,446.0,207.9,
2015-05-12,11220.0,455.0,211.0,
2015-05-13,11100.0,449.0,211.1,
2015-05-14,11240.0,446.0,209.7,
2015-05-15,11372.0,447.0,208.1,
2015-05-18,11042.0,446.0,209.0,
2015-05-19,10986.0,453.0,207.0,
2015-05-20,10940.0,455.0,204.9,
2015-05-21,11035.0,443.0,206.3,
2015-05-22,11020.0,451.0,203.5,
2015-05-25,10910.0,446.0,204.5,
2015-05-26,10813.0,444.0,204.4,
2015-05-27,10653.0,452.0,207.5,
2015-05-28,10655.0,457.0,204.4,
2015-05-29,10510.0,448.0,202.0,
2015-06-01,10456.0,450.0,202.8,
2015-06-02,10892.0,465.0,201.9,
2015-06-03,10765.0,470.0,197.1,
2015-06-04,10750.0,472.0,196.5,
2015-06-05,10685.0,473.0,195.0,
2015-06-08,10654.0,456.0,195.0,
2015-06-09,11005.0,447.0,195.0,
2015-06-10,10895.0,439.0,194.2,
2015-06-11,11130.0,437.0,194.4,
2015-06-15,11236.0,445.0,200.3,
2015-06-16,11556.0,447.0,206.4,
2015-06-17,11520.0,474.0,212.2,
2015-06-18,11440.0,468.0,213.0,
2015-06-19,11385.0,472.0,214.5,
2015-06-22,11287.0,458.0,215.3,
2015-06-23,11266.0,456.0,217.1,
2015-06-24,11261.0,427.0,216.9,
2015-06-25,11220.0,423.0,216.6,
2015-06-26,11680.0,424.0,191.0,
2015-06-29,11268.0,415.0,190.5,
2015-06-30,11399.0,415.0,188.3,
2015-07-01,11465.0,417.0,188.5,
2015-07-02,11420.0,417.0,188.9,
2015-07-03,11331.0,413.0,188.2,
2015-07-06,11401.0,408.0,185.3,
2015-07-07,11099.0,411.0,185.4,
2015-07-08,10902.0,406.0,180.8,
2015-07-09,11055.0,399.0,180.5,
2015-07-10,11399.0,405.0,180.1,
2015-07-13,11649.0,410.0,180.1,
2015-07-14,11669.0,411.0,180.0,
2015-07-15,11660.0,412.0,182.4,
2015-07-16,11769.0,423.0,182.0,
2015-07-17,11750.0,432.0,186.0,
2015-07-20,11510.0,428.0,185.5,
2015-07-21,11735.0,430.0,185.3,
2015-07-22,12177.0,440.0,185.5,
2015-07-23,11885.0,447.0,186.1,
2015-07-24,11650.0,452.0,184.8,
2015-07-27,11750.0,454.0,187.0,
2015-07-28,11671.0,461.0,188.4,
2015-07-29,11800.0,459.0,194.9,
2015-07-30,12040.0,460.0,194.8,
2015-07-31,12200.0,460.0,195.0,
2015-08-03,12268.0,468.0,191.5,
2015-08-04,12441.0,467.0,195.9,
2015-08-05,12818.0,478.0,195.4,
2015-08-06,12309.0,487.0,193.5,
2015-08-07,12396.0,487.0,193.5,
2015-08-10,12412.0,491.0,194.1,
2015-08-11,12320.0,483.0,195.4,
2015-08-12,12149.0,477.0,196.8,
2015-08-13,12177.0,466.0,199.5,
2015-08-14,12147.0,471.0,200.2,
2015-08-17,12162.0,481.0,198.7,
2015-08-18,12090.0,478.0,195.0,
2015-08-19,12050.0,488.0,196.2,
2015-08-20,12105.0,509.0,195.6,
2015-08-21,11860.0,496.0,196.4,
2015-08-24,11603.0,469.0,188.0,
2015-08-25,11829.0,477.0,192.4,
2015-08-26,11631.0,476.0,193.6,
2015-08-27,11910.0,477.0,197.6,
2015-08-28,12171.0,485.0,199.7,
2015-08-31,12275.0,487.0,210.0,
2015-09-01,11924.0,468.0,207.8,
2015-09-02,11845.0,480.0,206.2,
2015-09-03,11935.0,483.0,205.5,
2015-09-04,11988.0,478.0,203.5,
2015-09-07,12074.0,486.0,202.0,
2015-09-08,11996.0,494.0,201.5,
2015-09-09,11763.0,484.0,201.0,
2015-09-10,11420.0,472.0,201.0,
2015-09-11,11405.0,466.0,202.3,
2015-09-14,11313.0,475.0,200.8,
2015-09-15,11325.0,483.0,203.0,
2015-09-16,11583.0,480.0,201.8,
2015-09-17,11650.0,487.0,200.0,
2015-09-18,11543.0,496.0,200.3,
2015-09-21,11462.0,495.0,203.0,
2015-09-22,11360.0,490.0,200.0,
2015-09-23,11377.0,486.0,198.2,
2015-09-24,11387.0,474.0,199.3,
2015-09-25,11815.0,486.0,200.8,
2015-09-28,11566.0,485.0,200.0,
2015-09-29,11705.0,493.0,201.4,
2015-09-30,11600.0,488.0,205.5,
2015-10-01,11769.0,509.0,207.3,
2015-10-02,11581.0,483.0,208.9,
2015-10-05,11725.0,474.0,205.7,
2015-10-06,11797.0,495.0,207.4,
2015-10-07,11763.0,480.0,209.1,
2015-10-08,11696.0,479.0,209.9,
2015-10-09,11730.0,477.0,206.7,
2015-10-12,11667.0,474.0,206.8,
2015-10-13,11780.0,474.0,209.0,
2015-10-14,11810.0,481.0,208.9,
2015-10-15,12059.0,480.0,208.0,
2015-10-16,11707.0,465.0,210.9,
2015-10-19,11665.0,467.0,208.5,
2015-10-20,11810.0,450.0,207.3,
2015-10-21,11800.0,460.0,204.9,
2015-10-22,11772.0,465.0,208.6,
2015-10-23,11500.0,465.0,216.0,
2015-10-26,10809.0,476.0,220.5,
2015-10-27,11359.0,483.0,221.9,
2015-10-28,11491.0,483.0,225.2,
2015-10-29,11216.0,485.0,225.8,
2015-10-30,11136.0,486.0,227.7,
2015-11-02,11111.0,483.0,228.5,
2015-11-03,11425.0,477.0,243.5,
2015-11-05,11468.0,466.0,240.3,
2015-11-06,11496.0,473.0,238.7,
2015-11-09,11520.0,477.0,246.7,
2015-11-10,11393.0,474.0,244.5,
2015-11-11,11255.0,475.0,245.0,
2015-11-12,11125.0,475.0,243.1,
2015-11-13,11192.0,476.0,236.0,
2015-11-16,11290.0,475.0,240.5,
2015-11-17,11390.0,488.0,245.1,
2015-11-18,11359.0,481.0,245.6,
2015-11-19,11427.0,490.0,245.0,
2015-11-20,11819.0,485.0,246.3,
2015-11-23,12250.0,504.0,251.8,
2015-11-24,11900.0,499.0,251.8,
2015-11-25,12022.0,513.0,252.8,
2015-11-26,12130.0,503.0,252.7,
2015-11-27,12013.0,509.0,252.4,
2015-11-30,12005.0,502.0,243.4,
2015-12-01,11901.0,500.0,253.4,
2015-12-02,12199.0,490.0,257.8,
2015-12-03,12270.0,492.0,267.8,
2015-12-04,11799.0,491.0,271.6,
2015-12-07,11728.0,502.0,267.8,
2015-12-08,11590.0,508.0,262.3,
2015-12-09,11180.0,486.0,260.5,
2015-12-10,11141.0,492.0,258.0,
2015-12-11,11039.0,494.0,247.5,
2015-12-14,11030.0,499.0,246.0,
2015-12-15,11340.0,498.0,263.5,
2015-12-16,11361.0,512.0,257.2,
2015-12-17,11211.0,548.0,261.8,
2015-12-18,10656.0,526.0,274.8,
2015-12-21,10790.0,520.0,266.0,
2015-12-22,10780.0,481.0,267.5,
2015-12-23,10850.0,483.0,262.4,
2015-12-24,10761.0,488.0,258.0,
2015-12-25,10732.0,485.0,256.0,
2015-12-28,10743.0,489.0,256.0,
2015-12-29,10972.0,496.0,256.6,
2015-12-30,11228.0,498.0,268.5,
2016-01-04,11366.0,497.0,270.4,
2016-01-05,11350.0,492.0,273.5,
2016-01-06,11320.0,501.0,274.9,
2016-01-11,10667.0,492.0,255.4,
2016-01-12,10367.0,489.0,250.3,
2016-01-13,10352.0,490.0,254.9,
2016-01-14,10230.0,478.0,252.7,
2016-01-15,9640.0,467.0,251.9,
2016-01-18,9940.0,472.0,251.0,
2016-01-19,10427.0,472.0,254.9,
2016-01-20,10350.0,471.0,254.8,
2016-01-21,10850.0,479.0,250.7,
2016-01-22,11050.0,493.0,248.6,
2016-01-25,11042.0,478.0,248.5,
2016-01-26,10975.0,453.0,245.2,
2016-01-27,11285.0,441.0,246.5,
2016-01-28,11485.0,429.0,250.0,
2016-01-29,11500.0,447.0,259.9,
2016-02-01,11270.0,454.0,257.4,
2016-02-02,11150.0,454.0,262.7,
2016-02-03,10955.0,448.0,259.0,
2016-02-04,10889.0,448.0,264.9,
2016-02-05,10765.0,448.0,265.5,
2016-02-08,10450.0,434.0,262.3,
2016-02-09,10103.0,410.0,260.7,
2016-02-10,10070.0,414.0,253.2,
2016-02-11,10143.0,408.0,249.8,
2016-02-12,10000.0,409.0,240.3,
2016-02-15,9920.0,410.0,235.7,
2016-02-16,9900.0,412.0,237.3,
2016-02-17,10000.0,405.0,238.7,
2016-02-18,10318.0,422.0,239.3,
2016-02-19,10354.0,425.0,243.0,
2016-02-20,10345.0,427.0,241.4,
2016-02-22,10655.0,423.0,242.4,
2016-02-24,10475.0,414.0,244.0,
2016-02-25,10530.0,415.0,242.8,
2016-02-26,10589.0,425.0,240.9,
2016-02-29,10648.0,426.0,242.1,
2016-03-01,10592.0,432.0,242.0,
2016-03-02,10695.0,430.0,243.5,
2016-03-03,10715.0,436.0,244.7,
2016-03-04,10668.0,439.0,245.0,
2016-03-07,10715.0,440.0,248.0,
2016-03-09,10700.0,439.0,250.9,
2016-03-10,10900.0,433.0,253.9,
2016-03-11,10900.0,429.0,256.1,
2016-03-14,10780.0,437.0,256.4,
2016-03-15,10880.0,440.0,264.7,
2016-03-16,10788.0,449.0,263.0,
2016-03-17,10900.0,461.0,265.3,
2016-03-18,11400.0,455.0,251.3,
2016-03-21,11255.0,441.0,251.9,
2016-03-22,11209.0,440.0,252.6,
2016-03-23,11100.0,443.0,259.0,
2016-03-24,11041.0,440.0,256.5,
2016-03-25,10880.0,441.0,261.5,
2016-03-28,10655.0,441.0,258.3,
2016-03-29,10575.0,441.0,262.3,
2016-03-30,10410.0,430.0,262.0,
2016-03-31,10550.0,422.0,266.4,
2016-04-01,10470.0,429.0,263.9,
2016-04-04,10470.0,427.0,263.4,
2016-04-05,10400.0,424.0,259.5,
2016-04-06,10390.0,422.0,261.0,
2016-04-07,10332.0,416.0,258.3,
2016-04-08,10320.0,412.0,259.6,
2016-04-11,10254.0,412.0,260.2,
2016-04-12,10129.0,409.0,259.6,
2016-04-13,10490.0,424.0,257.5,
2016-04-14,10240.0,426.0,261.8,
2016-04-15,10132.0,417.0,270.3,
2016-04-18,10125.0,418.0,280.6,
2016-04-19,10075.0,419.0,284.5,
2016-04-20,10115.0,426.0,290.4,
2016-04-21,10162.0,432.0,292.2,
2016-04-22,10295.0,433.0,294.4,
2016-04-25,9540.0,427.0,295.3,
2016-04-26,9180.0,429.0,304.7,
2016-04-27,8825.0,426.0,300.1,
2016-04-28,9040.0,423.0,296.0,
2016-04-29,9002.0,417.0,299.0,
2016-05-04,9006.0,423.0,298.7,
2016-05-05,9151.0,421.0,299.0,
2016-05-06,9093.0,426.5,299.2,
2016-05-10,9038.0,418.0,296.0,
2016-05-11,8921.0,416.5,296.7,
2016-05-12,8834.0,420.0,297.5,
2016-05-13,9036.0,421.5,298.1,
2016-05-16,9430.0,424.0,298.1,
2016-05-17,9352.0,434.5,300.0,
2016-05-18,9301.0,442.5,295.6,
2016-05-19,9200.0,441.5,297.0,
2016-05-20,9075.0,429.0,301.6,
2016-05-23,8975.0,440.0,297.9,
2016-05-24,9150.0,438.5,295.9,
2016-05-25,9140.0,445.0,296.9,
2016-05-26,9201.0,448.0,297.5,
2016-05-27,9466.0,454.0,299.0,
2016-05-30,9408.0,450.5,296.9,
2016-05-31,9340.0,446.5,292.0,
2016-06-01,9255.0,447.0,291.4,
2016-06-02,9190.0,449.0,292.7,
2016-06-03,9150.0,453.5,294.2,
2016-06-06,9260.0,452.5,296.9,
2016-06-07,9388.0,452.0,297.7,
2016-06-08,9200.0,450.5,294.2,
2016-06-09,8830.0,455.5,292.4,
2016-06-10,8819.0,454.5,294.5,
2016-06-14,8660.0,463.5,298.7,
2016-06-15,8929.0,461.0,303.0,
2016-06-16,8755.0,461.5,305.0,
2016-06-17,8750.0,460.5,295.1,
2016-06-20,8850.0,464.5,306.4,
2016-06-21,8709.0,465.5,307.5,
2016-06-22,8488.0,459.0,303.5,
2016-06-23,8450.0,464.0,314.9,
2016-06-24,8280.0,458.0,307.1,
2016-06-27,8320.0,462.5,313.8,
2016-06-28,8300.0,451.0,320.0,
2016-06-29,8700.0,455.0,326.8,
2016-06-30,9012.0,462.5,301.7,
2016-07-01,9101.0,466.5,299.3,
2016-07-04,9145.0,462.0,299.8,
2016-07-05,8950.0,462.0,296.7,
2016-07-06,8760.0,475.5,293.5,
2016-07-07,8753.0,480.0,288.0,
2016-07-08,9261.0,476.0,286.7,
2016-07-11,9348.0,486.0,289.9,
2016-07-12,9404.0,488.0,301.0,
2016-07-13,9460.0,491.5,303.0,
2016-07-14,9508.0,487.5,295.0,
2016-07-15,9461.0,482.5,298.3,
2016-07-18,9250.0,486.0,303.4,
2016-07-19,9104.0,486.0,316.5,
2016-07-20,9225.0,480.5,314.9,
2016-07-21,9400.0,477.0,314.9,
2016-07-22,9365.0,484.5,314.9,
2016-07-25,10100.0,499.0,312.9,
2016-07-26,10475.0,495.5,315.9,
2016-07-27,10020.0,494.5,321.9,
2016-07-28,10292.0,498.0,329.0,
2016-07-29,10210.0,501.5,321.5,
2016-08-01,10381.0,502.0,319.3,
2016-08-02,10347.0,501.0,316.4,
2016-08-03,10368.0,501.0,315.5,
2016-08-04,10450.0,499.5,321.9,
2016-08-05,10690.0,504.5,320.4,
2016-08-08,10927.0,506.5,318.9,
2016-08-09,10846.0,508.0,319.1,
2016-08-10,10751.0,506.5,325.0,
2016-08-11,10673.0,510.0,333.0,
2016-08-12,10800.0,510.0,345.0,
2016-08-15,10835.0,509.5,344.8,
2016-08-16,10532.0,509.0,345.0,
2016-08-17,10400.0,508.0,349.0,
2016-08-18,10380.0,513.0,349.0,
2016-08-19,10260.0,519.0,344.1,
2016-08-22,10589.0,524.0,356.7,
2016-08-23,10643.0,527.0,349.4,
2016-08-24,10250.0,523.0,350.3,
2016-08-25,10289.0,513.5,364.8,
2016-08-26,10376.0,513.5,348.0,
2016-08-29,10492.0,506.5,345.0,
2016-08-30,10475.0,518.0,346.8,
2016-08-31,10262.0,513.0,346.3,
2016-09-01,10308.0,510.5,351.8,
2016-09-02,10544.0,504.0,357.0,
2016-09-05,10734.0,506.0,359.7,
2016-09-06,10615.0,519.5,366.8,
2016-09-07,10670.0,514.0,369.1,
2016-09-08,10743.0,502.5,370.0,
2016-09-09,10544.0,503.0,367.9,
2016-09-12,10372.0,493.5,350.3,
2016-09-13,10291.0,489.0,362.2,
2016-09-14,10205.0,500.0,367.5,
2016-09-15,10167.0,498.0,361.2,
2016-09-16,10269.0,496.5,357.2,
2016-09-19,10339.0,496.0,350.0,
2016-09-20,10350.0,508.0,345.0,
2016-09-21,10648.0,525.5,352.0,
2016-09-22,10700.0,529.5,351.3,
2016-09-23,10600.0,527.5,342.6,
2016-09-26,10789.0,532.0,338.3,
2016-09-27,10432.0,517.0,333.8,
2016-09-28,10555.0,515.5,335.2,
2016-09-29,10530.0,525.0,341.5,
2016-09-30,10391.0,512.0,343.4,
2016-10-03,10539.0,509.5,347.5,
2016-10-04,10507.0,517.5,358.4,
2016-10-05,10490.0,515.0,360.0,
2016-10-06,10590.0,511.0,359.0,
2016-10-07,10411.0,502.5,352.6,
2016-10-10,10491.0,508.0,346.4,
2016-10-11,10351.0,508.0,343.8,
2016-10-12,10245.0,507.5,337.5,
2016-10-13,10219.0,508.0,335.0,
2016-10-14,10144.0,509.5,334.9,
2016-10-17,10100.0,506.0,340.8,
2016-10-18,10535.0,506.0,342.5,
2016-10-19,10567.0,495.0,345.0,
2016-10-20,10605.0,488.0,345.0,
2016-10-21,10525.0,488.0,344.0,
2016-10-24,10526.0,480.0,360.5,
2016-10-25,10430.0,474.5,358.9,
2016-10-26,10405.0,472.0,352.0,
2016-10-27,10450.0,474.0,343.1,
2016-10-28,10551.0,473.5,340.3,
2016-10-31,10630.0,464.0,339.7,
2016-11-01,10530.0,458.5,338.4,
2016-11-02,10421.0,456.0,341.2,
2016-11-03,10360.0,450.0,333.0,
2016-11-07,9740.0,458.5,333.9,
2016-11-08,9860.0,460.0,329.4,
2016-11-09,9651.0,462.0,326.7,
2016-11-10,9850.0,477.5,337.0,
2016-11-11,9910.0,483.0,338.0,
2016-11-14,9870.0,485.5,333.5,
2016-11-15,9920.0,478.0,338.3,
2016-11-16,10138.0,485.0,354.9,
2016-11-17,10267.0,494.0,343.4,
2016-11-18,10351.0,502.0,351.4,
2016-11-21,10380.0,507.5,355.9,
2016-11-22,10450.0,508.5,369.9,
2016-11-23,10487.0,514.5,372.0,
2016-11-24,10430.0,508.5,375.0,
2016-11-25,10420.0,510.0,376.0,
2016-11-28,10380.0,507.0,376.2,
2016-11-29,10290.0,510.5,365.8,
2016-11-30,10500.0,501.0,373.0,
2016-12-01,10297.0,499.0,364.8,
2016-12-02,10350.0,500.0,372.0,
2016-12-05,10550.0,511.0,369.0,
2016-12-06,10649.0,511.5,369.5,
2016-12-07,10580.0,514.0,373.2,
2016-12-08,10730.0,511.0,369.1,
2016-12-09,10423.0,500.0,363.3,
2016-12-12,10350.0,490.0,365.6,
2016-12-13,10693.0,488.0,367.3,
2016-12-14,10602.0,478.5,395.5,
2016-12-15,10532.0,477.0,387.5,
2016-12-16,10720.0,469.5,390.0,
2016-12-19,10597.0,482.0,389.9,
2016-12-20,10709.0,479.0,387.0,
2016-12-21,10750.0,480.5,380.3,
2016-12-22,10411.0,479.0,382.2,
2016-12-23,10408.0,483.0,386.9,
2016-12-26,10327.0,484.5,385.0,
2016-12-27,10400.0,482.0,389.6,
2016-12-28,10665.0,483.0,383.4,
2016-12-29,10795.0,492.5,382.8,
2016-12-30,11000.0,492.0,387.5,
2017-01-03,11347.0,507.5,388.4,
2017-01-04,11220.0,497.5,385.5,
2017-01-05,10875.0,492.5,380.5,
2017-01-06,10900.0,490.0,376.4,
2017-01-09,10819.0,488.0,376.5,
2017-01-10,10534.0,490.0,374.6,
2017-01-11,10000.0,490.0,373.5,
2017-01-12,9880.0,485.5,374.0,
2017-01-13,9640.0,485.0,373.0,
2017-01-16,9830.0,479.5,369.0,
2017-01-17,9825.0,475.0,369.2,
2017-01-18,9695.0,471.0,370.1,
2017-01-19,9800.0,470.5,373.0,
2017-01-20,9730.0,471.5,372.5,
2017-01-23,9694.0,468.5,374.0,
2017-01-24,9690.0,474.0,377.6,
2017-01-25,9625.0,474.5,384.5,
2017-01-26,10020.0,486.0,381.4,
2017-01-27,9900.0,485.5,383.2,
2017-01-30,9625.0,477.5,382.1,
2017-01-31,9650.0,475.0,385.0,
2017-02-01,9700.0,471.0,383.0,
2017-02-02,9495.0,468.0,378.8,
2017-02-03,9580.0,478.0,373.7,
2017-02-06,9640.0,474.5,371.0,
2017-02-07,9550.0,476.5,374.0,
2017-02-08,9577.0,471.5,372.0,
2017-02-09,9862.0,471.0,372.0,
2017-02-10,10002.0,468.5,369.5,
2017-02-13,10078.0,469.0,371.0,
2017-02-14,10030.0,459.0,371.5,
2017-02-15,10000.0,440.5,371.5,
2017-02-16,9930.0,427.0,370.0,
2017-02-17,9700.0,418.0,371.3,
2017-02-20,9577.0,421.0,369.9,
2017-02-21,9540.0,425.0,370.0,
2017-02-22,9194.0,420.0,370.1,
2017-02-24,8825.0,406.0,373.4,
2017-02-27,9190.0,404.0,372.4,
2017-02-28,9133.0,391.0,373.8,
2017-03-01,9150.0,411.0,374.0,
2017-03-02,9250.0,410.0,375.6,
2017-03-03,9175.0,407.0,381.0,
2017-03-06,9250.0,411.0,379.6,
2017-03-07,9233.0,410.5,381.0,
2017-03-09,9061.0,398.0,387.6,
2017-03-10,9155.0,400.0,382.0,
2017-03-13,9235.0,396.0,385.9,
2017-03-14,9270.0,401.5,385.5,
2017-03-15,9346.0,403.0,386.1,
2017-03-16,9700.0,398.5,386.9,
2017-03-17,9700.0,397.0,384.9,
2017-03-20,9780.0,397.0,383.0,
2017-03-21,9730.0,396.5,381.1,
2017-03-22,9440.0,398.0,383.0,
2017-03-23,9370.0,399.0,381.0,
2017-03-24,9350.0,394.5,380.8,
2017-03-27,9351.0,390.5,377.5,
2017-03-28,9600.0,387.0,379.5,
2017-03-29,9327.0,388.0,376.5,
2017-03-30,9580.0,384.0,370.5,
2017-03-31,9261.0,381.5,375.4,
2017-04-03,9313.0,383.0,373.3,
2017-04-04,9261.0,383.0,372.3,
2017-04-05,9470.0,387.0,373.5,
2017-04-06,9550.0,399.0,374.0,
2017-04-07,9430.0,387.0,375.0,
2017-04-10,9360.0,385.5,375.4,
2017-04-11,9265.0,387.5,373.2,
2017-04-12,9100.0,382.0,373.6,
2017-04-13,9160.0,379.0,372.8,
2017-04-14,8985.0,378.5,379.5,
2017-04-17,9135.0,381.5,379.1,
2017-04-18,9113.0,381.0,378.6,
2017-04-19,9000.0,377.0,378.6,
2017-04-20,9110.0,365.0,378.5,
2017-04-21,9070.0,349.5,378.0,
2017-04-24,9008.0,351.5,377.6,
2017-04-25,8825.0,340.5,375.7,
2017-04-26,8823.0,352.0,378.8,
2017-04-27,8825.0,361.0,377.2,
2017-04-28,8776.0,364.5,381.8,
2017-05-02,8821.0,370.0,382.2,
2017-05-03,8685.0,365.5,382.5,
2017-05-04,8841.0,370.5,382.4,
2017-05-05,8900.0,373.0,383.0,
2017-05-10,9140.0,370.0,384.5,
2017-05-11,9010.0,364.0,384.6,
2017-05-12,8985.0,362.0,385.4,
2017-05-15,9180.0,360.0,384.5,
2017-05-16,9238.0,359.5,384.3,
2017-05-17,9440.0,365.0,385.1,
2017-05-18,9255.0,365.0,386.4,
2017-05-19,9190.0,358.0,387.4,
2017-05-22,9413.0,364.0,386.8,
2017-05-23,9280.0,364.5,387.0,
2017-05-24,9205.0,358.5,386.8,
2017-05-25,9359.0,354.0,386.9,
2017-05-26,9450.0,351.5,387.3,
2017-05-29,9300.0,348.5,387.4,
2017-05-30,9240.0,350.0,387.6,
2017-05-31,9197.0,347.0,387.0,
2017-06-01,9070.0,344.5,387.6,
2017-06-02,8875.0,345.5,388.7,
2017-06-05,8989.0,350.5,388.6,
2017-06-06,9053.0,346.5,388.8,
2017-06-07,9204.0,347.0,388.6,
2017-06-08,9270.0,339.5,389.2,
2017-06-09,9435.0,332.0,389.4,
2017-06-13,9589.0,342.0,390.0,
2017-06-14,9588.0,353.0,390.4,
2017-06-15,9449.0,343.0,391.3,
2017-06-16,9412.0,351.5,389.1,
2017-06-19,9539.0,362.0,390.5,
2017-06-20,9613.0,364.0,389.6,
2017-06-21,9499.0,358.0,389.9,
2017-06-22,9330.0,360.0,390.1,
2017-06-23,9280.0,355.5,390.3,
2017-06-26,9301.0,340.5,391.0,
2017-06-27,9504.0,350.0,390.9,
2017-06-28,9471.0,350.0,391.2,
2017-06-29,9103.0,347.5,391.4,
2017-06-30,9180.0,346.5,392.4,
2017-07-03,9115.0,349.0,393.9,
2017-07-04,9105.0,352.0,392.7,
2017-07-05,9165.0,358.0,394.3,
2017-07-06,9200.0,353.5,394.0,
2017-07-07,9313.0,353.0,397.8,
2017-07-10,9360.0,360.0,392.0,
2017-07-11,9370.0,365.0,395.2,
2017-07-12,9340.0,363.0,398.5,
2017-07-13,9545.0,362.0,403.0,
2017-07-14,9720.0,363.0,402.0,
2017-07-17,9618.0,369.0,409.9,
2017-07-18,9600.0,367.5,415.4,
2017-07-19,9530.0,367.5,410.0,
2017-07-20,9504.0,362.5,410.4,
2017-07-21,9405.0,358.0,418.1,
2017-07-24,9598.0,350.0,427.0,
2017-07-25,9540.0,347.5,431.2,
2017-07-26,9750.0,352.0,431.7,
2017-07-27,9797.0,351.0,407.1,
2017-07-28,9680.0,356.0,407.5,
2017-07-31,9525.0,362.0,407.1,
2017-08-01,9372.0,359.0,409.0,
2017-08-02,9470.0,361.0,406.9,
2017-08-03,9428.0,361.0,405.2,
2017-08-04,9321.0,360.5,406.2,
2017-08-07,9401.0,360.0,405.4,
2017-08-08,9497.0,359.0,405.3,
2017-08-09,9407.0,355.5,405.0,
2017-08-10,9333.0,353.5,406.0,
2017-08-11,9358.0,353.0,405.1,
2017-08-14,9370.0,355.5,406.6,
2017-08-15,9360.0,353.0,407.8,
2017-08-16,9470.0,356.0,405.5,
2017-08-17,9447.0,360.5,405.1,
2017-08-18,9335.0,354.5,405.3,
2017-08-21,9492.0,354.0,405.1,
2017-08-22,9556.0,354.0,407.9,
2017-08-23,9744.0,348.5,406.0,
2017-08-24,9812.0,350.0,410.9,
2017-08-25,9799.0,349.5,406.7,
2017-08-28,10000.0,349.0,406.2,
2017-08-29,10247.0,353.5,407.9,
2017-08-30,10650.0,353.0,406.0,
2017-08-31,10800.0,362.0,419.8,
2017-09-01,10590.0,358.5,415.1,
2017-09-04,10510.0,363.0,418.5,
2017-09-05,10630.0,372.0,421.0,
2017-09-06,10540.0,370.0,416.0,
2017-09-07,10544.0,382.0,420.0,
2017-09-08,10527.0,373.0,420.0,
2017-09-11,10680.0,372.0,418.0,
2017-09-12,10795.0,375.0,419.0,
2017-09-13,10700.0,368.5,417.4,
2017-09-14,10434.0,362.0,427.0,
2017-09-15,10397.0,365.5,427.0,
2017-09-18,10320.0,367.5,432.4,
2017-09-19,10376.0,367.5,426.0,
2017-09-20,10465.0,365.0,424.0,
2017-09-21,10340.0,360.5,428.5,
2017-09-22,10260.0,361.0,429.2,
2017-09-25,10140.0,362.0,427.0,
2017-09-26,10090.0,359.0,425.0,
2017-09-27,10163.0,361.5,424.1,
2017-09-28,10089.0,359.0,423.1,
2017-09-29,10100.0,358.0,416.1,
2017-10-02,10085.0,360.0,422.5,
2017-10-03,10070.0,357.5,428.3,
2017-10-04,9914.0,353.0,419.4,
2017-10-05,9836.0,347.0,420.0,
2017-10-06,10050.0,347.5,420.0,
2017-10-09,9880.0,350.0,419.5,
2017-10-10,9804.0,348.0,418.5,
2017-10-11,9760.0,350.0,419.9,
2017-10-12,9736.0,349.0,422.1,
2017-10-13,9540.0,348.5,420.0,
2017-10-16,9429.0,348.0,421.5,
2017-10-17,9332.0,343.5,420.6,
2017-10-18,9286.0,352.5,420.0,
2017-10-19,9445.0,361.5,413.8,
2017-10-20,8550.0,361.5,420.0,
2017-10-23,8221.0,362.0,412.5,
2017-10-24,7913.0,366.0,414.5,
2017-10-25,8299.0,368.0,415.2,
2017-10-26,8347.0,367.5,419.2,
2017-10-27,8065.0,369.0,416.3,
2017-10-30,8022.0,372.5,420.1,
2017-10-31,7693.0,369.5,422.9,
2017-11-01,7610.0,362.5,419.2,
2017-11-02,7370.0,361.0,420.0,
2017-11-03,7390.0,362.0,422.3,
2017-11-07,7380.0,368.5,420.0,
2017-11-08,7398.0,364.5,416.1,
2017-11-09,7399.0,366.0,420.0,
2017-11-10,7175.0,364.0,419.7,
2017-11-13,7146.0,359.0,419.1,
2017-11-14,6949.0,359.0,421.2,
2017-11-15,6170.0,349.5,419.4,
2017-11-16,6531.0,350.0,408.0,
2017-11-17,6884.0,354.5,396.3,
2017-11-20,6768.0,356.0,380.1,
2017-11-21,6599.0,355.0,372.2,
2017-11-22,6720.0,354.0,374.5,
2017-11-23,6829.0,353.5,380.0,
2017-11-24,6635.0,354.5,362.9,
2017-11-27,6602.0,351.0,351.9,
2017-11-28,6450.0,351.5,354.2,
2017-11-29,6380.0,350.0,351.5,
2017-11-30,6359.0,338.0,390.6,
2017-12-01,6340.0,330.0,385.0,
2017-12-04,6370.0,328.0,389.7,
2017-12-05,6300.0,314.0,405.0,
2017-12-06,6335.0,325.0,405.0,
2017-12-07,6355.0,324.5,401.4,
2017-12-08,6550.0,324.5,404.9,
2017-12-11,6655.0,331.0,403.0,
2017-12-12,6559.0,345.0,402.0,
2017-12-13,6400.0,346.5,398.0,
2017-12-14,6490.0,350.0,407.0,
2017-12-15,6411.0,352.5,417.0,
2017-12-18,6287.0,343.5,411.1,
2017-12-19,6254.0,340.0,396.1,
2017-12-20,6256.0,339.5,400.4,
2017-12-21,6290.0,341.0,404.0,
2017-12-22,6251.0,337.0,398.2,
2017-12-25,6237.0,338.0,397.4,
2017-12-26,6244.0,336.5,394.9,
2017-12-27,6265.0,331.0,393.5,
2017-12-28,6270.0,331.5,408.0,
2017-12-29,6340.0,336.0,415.0,
2018-01-03,6485.0,344.0,407.8,
2018-01-04,6629.0,356.5,405.1,
2018-01-05,6724.0,361.0,405.6,
2018-01-09,6600.0,353.0,411.0,
2018-01-10,6660.0,356.0,404.0,
2018-01-11,6651.0,358.0,408.9,
2018-01-12,6700.0,354.0,405.4,
2018-01-15,6579.0,355.5,408.7,
2018-01-16,6400.0,369.0,404.6,
2018-01-17,6400.0,372.0,400.9,
2018-01-18,6265.0,369.0,406.9,
2018-01-19,6240.0,369.0,401.9,
2018-01-22,6279.0,378.0,396.7,
2018-01-23,6360.0,386.0,393.9,
2018-01-24,6345.0,398.0,400.0,
2018-01-25,6170.0,393.0,398.3,
2018-01-26,5539.0,388.5,400.1,
2018-01-29,5155.0,398.0,402.0,
2018-01-30,5419.0,392.0,400.0,
2018-01-31,5330.0,392.5,400.5,
2018-02-01,5219.0,392.0,397.8,2110.0
2018-02-02,5032.0,384.0,418.7,2052.0
2018-02-05,4950.0,380.5,420.0,2089.5
2018-02-06,4785.0,381.0,422.3,2070.0
2018-02-07,4725.0,388.5,437.9,2090.0
2018-02-08,4825.0,392.0,444.0,2134.0
2018-02-09,4808.0,384.0,439.8,2046.0
2018-02-12,4881.0,387.0,446.5,2100.5
2018-02-13,4860.0,390.0,441.3,2140.0
2018-02-14,4820.0,383.5,443.5,2150.5
2018-02-15,4850.0,385.5,434.2,2144.0
2018-02-16,4473.0,384.0,436.6,2130.0
2018-02-19,4251.0,385.5,440.0,2079.5
2018-02-20,4588.0,381.5,438.8,1979.5
2018-02-21,4793.0,375.0,436.8,1958.0
2018-02-22,5140.0,376.0,438.2,1996.5
2018-02-26,4803.0,373.0,434.0,2017.0
2018-02-27,4882.0,369.0,420.0,2017.0
2018-02-28,4782.0,368.5,416.0,2015.0
2018-03-01,4985.0,373.0,405.0,2040.0
2018-03-02,5058.0,372.5,409.0,2000.5
2018-03-05,5130.0,372.5,405.0,2016.0
2018-03-06,5000.0,365.0,405.0,1943.5
2018-03-07,4973.0,365.0,401.9,1946.5
2018-03-09,5115.0,360.0,408.0,1955.5
2018-03-12,5154.0,362.0,393.8,1960.5
2018-03-13,5050.0,364.5,404.8,1910.0
2018-03-14,4970.0,355.0,418.0,1885.5
2018-03-15,5149.0,353.0,409.9,1965.0
2018-03-16,4957.0,344.0,404.0,1965.0
2018-03-19,4990.0,333.0,403.6,1915.0
2018-03-20,4930.0,329.0,395.8,1891.0
2018-03-21,4910.0,336.0,405.9,1920.0
2018-03-22,4800.0,331.0,419.0,1875.0
2018-03-23,4747.0,329.5,440.1,1858.0
2018-03-26,4715.0,335.0,434.8,1811.0
2018-03-27,4755.0,339.0,424.0,1846.5
2018-03-28,4605.0,336.0,416.0,1838.5
2018-03-29,4636.0,345.0,412.0,1932.0
2018-03-30,4680.0,344.0,406.5,1932.0
2018-04-02,4720.0,345.0,418.7,1949.5
2018-04-03,4700.0,337.0,407.3,1948.0
2018-04-04,4651.0,337.5,408.9,1959.0
2018-04-05,4725.0,339.0,410.0,2050.0
2018-04-06,4694.0,337.0,408.4,2025.0
2018-04-09,4484.0,313.0,400.4,1892.5
2018-04-10,4518.0,314.0,389.8,1937.0
2018-04-11,4555.0,313.0,396.9,1875.0
2018-04-12,4730.0,332.0,410.6,1913.5
2018-04-13,4710.0,332.0,399.1,1901.0
2018-04-16,4690.0,329.0,388.0,1930.0
2018-04-17,4790.0,338.5,391.1,1969.0
2018-04-18,4895.0,340.5,403.7,2055.0
2018-04-19,4921.0,346.0,402.0,1974.0
2018-04-20,4825.0,346.5,400.9,1974.5
2018-04-23,4785.0,339.0,407.3,1940.0
2018-04-24,4729.0,338.5,412.8,1906.5
2018-04-25,4786.0,343.0,400.0,1800.0
2018-04-26,4830.0,346.0,401.7,1740.0
2018-04-27,4875.0,345.0,402.9,1800.0
2018-04-28,4853.0,346.5,405.2,1803.5
2018-04-30,4902.0,354.0,406.5,1795.5
2018-05-02,4893.0,361.0,408.1,1815.0
2018-05-03,4827.0,356.5,410.0,1801.0
2018-05-04,4892.0,361.0,410.0,1835.0
2018-05-07,4870.0,362.5,414.9,1856.5
2018-05-08,4840.0,365.0,416.0,1845.0
2018-05-10,4860.0,356.0,410.0,1802.0
2018-05-11,4901.0,353.5,410.0,1799.5
2018-05-14,4985.0,353.0,411.9,1854.0
2018-05-15,5045.0,348.0,410.1,1911.0
2018-05-16,5170.0,352.0,412.0,1917.5
2018-05-17,5164.0,351.5,408.1,1925.0
2018-05-18,5108.0,354.5,407.9,1880.0
2018-05-21,5185.0,364.5,403.9,1864.5
2018-05-22,5260.0,361.0,403.3,1844.0
2018-05-23,5185.0,348.0,403.2,1871.5
2018-05-24,5265.0,347.0,402.1,1813.0
2018-05-25,5210.0,345.0,404.2,1844.5
2018-05-28,5185.0,346.5,401.3,1915.0
2018-05-29,5087.0,345.0,401.3,1840.0
2018-05-30,5150.0,349.0,404.9,1785.0
2018-05-31,5111.0,351.5,407.8,1808.0
2018-06-01,5112.0,352.0,405.5,1748.0
2018-06-04,5187.0,359.0,412.6,1771.0
2018-06-05,5175.0,364.0,403.5,1770.0
2018-06-06,4937.0,354.0,401.2,1758.5
2018-06-07,5030.0,382.5,414.0,1743.5
2018-06-08,4818.0,373.0,411.6,1675.0
2018-06-09,4818.0,374.0,417.0,1683.5
2018-06-11,4750.0,375.5,405.5,1675.5
2018-06-13,4702.0,379.5,408.4,1650.5
2018-06-14,4690.0,382.5,404.0,1645.5
2018-06-15,4710.0,385.0,403.1,1627.5
2018-06-18,4631.0,389.5,405.0,1645.0
2018-06-19,4592.0,389.0,414.0,1682.0
2018-06-20,4646.0,367.0,409.5,1730.0
2018-06-21,4599.0,376.0,406.3,1770.0
2018-06-22,4572.0,361.5,403.0,1729.0
2018-06-25,4550.0,359.0,405.7,1766.5
2018-06-26,4615.0,354.5,403.3,1743.0
2018-06-27,4609.0,353.5,402.0,1690.0
2018-06-28,4610.0,352.5,402.5,1673.5
2018-06-29,4600.0,350.0,404.8,1727.0
2018-07-02,4623.0,351.0,402.3,1687.0
2018-07-03,4620.0,349.0,401.0,1617.5
2018-07-04,4630.0,347.5,403.1,1645.5
2018-07-05,4528.0,343.5,404.4,1700.0
2018-07-06,4550.0,340.0,403.6,1685.0
2018-07-09,4521.0,338.5,406.2,1751.5
2018-07-10,4465.0,337.0,408.1,1780.0
2018-07-11,4446.0,332.0,410.1,1715.5
2018-07-12,4463.0,332.0,403.5,1721.0
2018-07-13,4474.0,329.5,407.0,1758.0
2018-07-16,4457.0,330.0,410.1,1760.0
2018-07-17,4430.0,327.5,408.6,1767.0
2018-07-18,4440.0,331.5,410.0,1840.0
2018-07-19,4342.0,330.0,407.4,1768.0
2018-07-20,4300.0,326.0,409.9,1691.5
2018-07-23,4285.0,331.0,407.2,1738.0
2018-07-24,4180.0,329.0,405.5,1734.0
2018-07-25,4050.0,323.0,400.0,1720.0
2018-07-26,4280.0,325.5,392.0,1758.5
2018-07-27,4270.0,322.0,392.1,1727.5
2018-07-30,4214.0,315.0,379.5,1728.0
2018-07-31,4128.0,312.0,378.0,1680.0
2018-08-01,4187.0,314.0,384.5,1731.0
2018-08-02,4179.0,309.0,383.9,1700.0
2018-08-03,4205.0,315.5,404.8,1682.5
2018-08-06,4230.0,318.5,407.4,1707.0
2018-08-07,4240.0,317.0,409.0,1710.0
2018-08-08,4228.0,321.5,404.0,1719.0
2018-08-09,4189.0,320.5,404.9,1672.0
2018-08-10,4033.0,314.5,397.9,1617.0
2018-08-13,4039.0,310.0,400.1,1624.0
2018-08-14,3995.0,305.0,399.8,1583.0
2018-08-15,4016.0,302.0,401.0,1577.0
2018-08-16,4035.0,297.0,402.0,1540.5
2018-08-17,4033.0,286.0,402.7,1571.0
2018-08-20,4108.0,289.0,399.7,1590.5
2018-08-21,4235.0,298.5,410.0,1607.0
2018-08-22,4170.0,295.0,406.3,1608.0
2018-08-23,4157.0,288.5,405.8,1556.0
2018-08-24,4141.0,286.0,398.9,1575.0
2018-08-27,4175.0,294.0,400.2,1580.0
2018-08-28,4205.0,288.0,407.9,1532.0
2018-08-29,4192.0,288.0,416.0,1540.5
2018-08-30,4098.0,286.5,415.7,1529.5
2018-08-31,4057.0,287.0,433.0,1590.0
2018-09-03,4037.0,288.0,412.6,1572.0
2018-09-04,4045.0,286.0,402.2,1576.0
2018-09-05,4110.0,282.5,412.0,1545.0
2018-09-06,4058.0,276.5,403.0,1558.5
2018-09-07,4049.0,270.0,409.5,1563.0
2018-09-10,4040.0,270.5,411.9,1569.5
2018-09-11,4018.0,261.5,409.8,1512.0
2018-09-12,4095.0,262.5,409.5,1474.5
2018-09-13,4070.0,259.0,409.5,1540.0
2018-09-14,4163.0,258.5,407.5,1595.0
2018-09-17,4185.0,258.5,407.0,1645.0
2018-09-18,4196.0,257.5,414.5,1638.0
2018-09-19,4258.0,263.0,406.0,1625.0
2018-09-20,4200.0,262.5,410.0,1671.0
2018-09-21,4190.0,259.5,422.0,1685.0
2018-09-24,4141.0,252.0,406.6,1616.5
2018-09-25,4185.0,254.0,408.4,1630.5
2018-09-26,3992.0,247.5,406.3,1573.0
2018-09-27,3840.0,240.0,410.5,1515.5
2018-09-28,3835.0,231.5,409.5,1481.5
2018-10-01,3825.0,235.0,406.5,1437.0
2018-10-02,3840.0,226.5,405.9,1412.0
2018-10-03,3852.0,232.0,407.1,1411.0
2018-10-04,3840.0,235.0,406.1,1424.0
2018-10-05,3830.0,233.0,402.7,1390.0
2018-10-08,3771.0,235.5,401.8,1378.0
2018-10-09,3582.0,231.0,401.5,1353.0
2018-10-10,3490.0,223.5,398.9,1319.0
2018-10-11,3440.0,227.0,389.7,1287.0
2018-10-12,3490.0,227.5,399.9,1382.0
2018-10-15,3560.0,226.5,394.6,1362.0
2018-10-16,3540.0,229.0,393.7,1373.5
2018-10-17,3581.0,234.5,395.8,1442.0
2018-10-18,3588.0,232.5,396.8,1420.5
2018-10-19,3580.0,228.0,391.8,1434.5
2018-10-22,3487.0,231.0,390.1,1442.0
2018-10-23,3465.0,230.0,385.8,1442.5
2018-10-24,3461.0,239.0,394.8,1532.0
2018-10-25,3515.0,242.0,390.3,1555.0
2018-10-26,3461.0,237.5,408.0,1530.0
2018-10-29,3541.0,250.5,399.7,1534.0
2018-10-30,3606.0,239.5,419.0,1562.5
2018-10-31,3590.0,237.5,398.5,1539.0
2018-11-01,3640.0,238.4,401.7,1598.5
2018-11-02,3660.0,241.0,407.0,1614.5
2018-11-06,3695.0,244.0,404.9,1629.5
2018-11-07,3720.0,244.8,407.2,1640.0
2018-11-08,3735.0,242.2,399.4,1610.0
2018-11-09,3700.0,234.8,397.0,1610.5
2018-11-12,3656.0,236.9,397.8,1577.5
2018-11-13,3629.5,236.5,396.0,1554.0
2018-11-14,3549.0,238.0,393.5,1535.5
2018-11-15,3543.5,236.3,397.5,1583.5
2018-11-16,3478.0,235.2,400.5,1565.0
2018-11-19,3500.0,232.9,401.1,1558.5
2018-11-20,3454.5,234.7,399.4,1513.5
2018-11-21,3496.0,233.0,396.2,1558.5
2018-11-22,3493.0,233.4,400.1,1583.0
2018-11-23,3461.0,233.4,398.7,1606.5
2018-11-26,3490.0,232.5,399.5,1597.0
2018-11-27,3500.0,233.5,398.9,1656.0
2018-11-28,3500.0,235.0,402.6,1721.5
2018-11-29,3500.0,238.0,402.3,1710.0
2018-11-30,3500.0,236.9,418.2,1725.0
2018-12-03,3500.0,238.6,406.6,1742.5
2018-12-04,3630.0,236.8,400.2,1667.5
2018-12-05,3669.0,235.8,401.2,1619.0
2018-12-06,3699.0,238.1,401.8,1610.5
2018-12-07,3719.0,219.7,400.0,1635.0
2018-12-10,3685.0,205.5,396.8,1584.0
2018-12-11,3595.0,199.7,398.6,1577.5
2018-12-12,3600.5,197.6,402.0,1576.0
2018-12-13,3653.5,204.0,396.4,1618.5
2018-12-14,3644.0,204.1,399.4,1640.0
2018-12-17,3671.5,206.1,402.4,1656.5
2018-12-18,3725.0,207.0,408.9,1719.5
2018-12-19,3675.0,213.2,400.3,1774.0
2018-12-20,3565.0,215.6,399.5,1800.0
2018-12-21,3537.0,214.2,414.9,1805.0
2018-12-24,3503.5,207.8,392.0,1700.0
2018-12-25,3439.5,206.1,391.7,1646.5
2018-12-26,3491.5,208.5,395.4,1680.0
2018-12-27,3440.0,213.0,395.7,1691.5
2018-12-28,3475.0,215.1,405.4,1746.5
2018-12-29,3511.5,214.0,410.0,1725.0
2019-01-03,3576.0,213.8,411.5,1823.0
2019-01-04,3600.0,211.2,401.1,1868.0
2019-01-08,3680.0,211.6,403.8,1822.0
2019-01-09,3698.5,210.6,402.0,1792.0
2019-01-10,3830.0,213.6,403.0,1759.5
2019-01-11,3827.0,221.6,407.7,1760.0
2019-01-14,3790.5,221.8,408.2,1765.0
2019-01-15,3920.0,223.1,409.0,1772.5
2019-01-16,3970.0,220.9,405.1,1759.0
2019-01-17,4155.0,224.0,407.3,1721.5
2019-01-18,4152.0,223.0,404.2,1783.0
2019-01-21,4140.0,226.2,405.1,1770.0
2019-01-22,4200.0,224.5,402.4,1822.5
2019-01-23,4300.0,227.9,403.0,1811.0
2019-01-24,4256.0,223.8,402.7,1834.0
2019-01-25,4191.0,224.7,401.6,1820.5
2019-01-28,4147.0,223.5,402.9,1785.0
2019-01-29,4188.0,221.0,401.4,1760.0
2019-01-30,4164.0,219.4,400.4,1740.0
2019-01-31,4155.0,217.8,400.6,1715.5
2019-02-01,4133.0,218.4,400.1,1748.5
2019-02-04,4130.0,214.8,403.7,1721.0
2019-02-05,4054.0,217.1,401.3,1760.0
2019-02-06,4025.5,221.6,401.0,1793.0
2019-02-07,4029.5,219.7,401.3,1801.0
2019-02-08,4039.5,217.7,403.9,1821.5
2019-02-11,4035.0,216.9,404.0,1792.0
2019-02-12,4035.0,217.4,402.9,1803.5
2019-02-13,3988.0,216.0,402.2,1759.5
2019-02-14,3895.5,215.0,403.0,1762.5
2019-02-15,3896.0,214.0,407.0,1800.0
2019-02-18,3910.0,212.3,405.0,1796.0
2019-02-19,3900.0,210.1,413.0,1773.0
2019-02-20,3950.0,211.3,407.0,1828.5
2019-02-21,3945.5,211.5,405.0,1817.0
2019-02-22,3962.5,209.0,404.0,1811.5
2019-02-25,3922.5,208.3,403.6,1781.5
2019-02-26,3875.5,206.2,405.7,1755.5
2019-02-27,3803.0,202.0,407.9,1704.5
2019-02-28,3780.0,201.1,412.0,1676.5
2019-03-01,3904.0,200.2,406.6,1663.0
2019-03-04,3860.0,199.2,406.5,1665.0
2019-03-05,3900.0,196.5,404.0,1636.0
2019-03-06,3859.0,195.9,403.5,1674.0
2019-03-07,3850.0,190.5,407.6,1644.0
2019-03-11,3801.5,188.5,405.0,1686.5
2019-03-12,3790.0,189.8,404.0,1698.0
2019-03-13,3830.0,191.2,405.8,1646.5
2019-03-14,3750.0,189.5,404.8,1616.5
2019-03-15,3776.5,195.0,403.0,1592.5
2019-03-18,3788.0,199.5,406.6,1635.0
2019-03-19,3792.0,198.3,405.0,1605.0
2019-03-20,3761.0,202.5,406.7,1607.5
2019-03-21,3730.0,208.8,408.6,1608.0
2019-03-22,3688.0,215.5,407.9,1604.0
2019-03-25,3715.5,217.5,407.5,1617.5
2019-03-26,3760.0,216.7,406.8,1681.0
2019-03-27,3700.0,215.5,405.6,1632.0
2019-03-28,3689.0,220.6,406.7,1637.5
2019-03-29,3640.0,220.7,408.5,1637.0
2019-04-01,3690.5,220.1,406.4,1654.0
2019-04-02,3680.0,229.6,406.2,1654.0
2019-04-03,3715.0,228.6,407.9,1657.5
2019-04-04,3666.0,230.5,407.9,1670.0
2019-04-05,3610.0,233.7,406.3,1659.0
2019-04-08,3652.0,229.0,407.9,1655.5
2019-04-09,3610.0,230.5,407.4,1664.5
2019-04-10,3560.5,229.7,407.5,1650.0
2019-04-11,3548.0,229.5,405.0,1633.0
2019-04-12,3550.5,229.2,406.6,1640.5
2019-04-15,3500.0,227.5,407.9,1633.5
2019-04-16,3496.0,228.0,407.8,1633.0
2019-04-17,3581.0,227.2,407.9,1728.0
2019-04-18,3595.0,227.7,410.0,1768.0
2019-04-19,3597.0,226.1,414.1,1762.5
2019-04-22,3578.5,225.1,419.9,1758.5
2019-04-23,3675.0,226.9,420.9,1804.0
2019-04-24,3639.5,228.9,421.1,1810.0
2019-04-25,3649.5,230.1,418.5,1910.0
2019-04-26,3590.0,231.1,417.5,1912.0
2019-04-29,3630.5,231.0,419.0,1894.5
2019-04-30,3720.0,231.1,422.0,1963.0
2019-05-02,3746.0,234.1,422.3,1967.0
2019-05-03,3795.0,233.1,422.5,1999.5
2019-05-06,3758.5,232.2,417.3,1970.0
2019-05-07,3781.0,233.5,420.0,1983.0
2019-05-08,3815.0,232.7,417.3,1927.0
2019-05-10,3710.0,233.6,423.8,1896.0
2019-05-13,3730.0,234.2,419.8,1904.0
2019-05-14,3795.0,233.5,420.3,1908.5
2019-05-15,3728.5,231.1,418.7,1897.0
2019-05-16,3700.0,230.8,415.8,1943.0
2019-05-17,3700.0,231.2,419.9,2000.0
2019-05-20,3659.0,230.0,419.4,1995.0
2019-05-21,3619.0,230.6,423.9,1952.0
2019-05-22,3616.0,230.4,423.7,1933.5
2019-05-23,3552.0,231.0,419.1,1857.5
2019-05-24,3565.0,231.5,423.2,1828.0
2019-05-27,3615.0,230.6,421.0,1857.5
2019-05-28,3630.0,231.2,410.2,1847.0
2019-05-29,3670.0,232.8,420.8,1901.0
2019-05-30,3673.5,232.0,419.0,1924.0
2019-05-31,3738.5,234.1,424.4,1922.5
2019-06-03,3850.0,230.0,423.6,2010.0
2019-06-04,3860.0,222.4,426.0,2005.0
2019-06-05,3853.0,219.5,425.6,2033.0
2019-06-06,3839.5,219.8,425.8,2045.0
2019-06-07,3820.0,213.8,425.5,2040.5
2019-06-10,3797.0,212.7,426.4,2049.0
2019-06-11,3781.0,215.0,425.3,2093.0
2019-06-13,3650.0,215.3,425.5,2098.0
2019-06-14,3650.0,215.3,424.1,2066.0
2019-06-17,3740.0,213.5,427.4,2052.5
2019-06-18,3741.0,212.4,428.2,2071.5
2019-06-19,3759.5,205.0,426.0,2074.0
2019-06-20,3805.5,202.9,425.8,2090.5
2019-06-21,3753.0,200.0,428.0,2130.0
2019-06-24,3718.5,205.2,423.8,2159.0
2019-06-25,3690.0,206.6,424.5,2154.0
2019-06-26,3865.0,206.4,427.8,2221.5
2019-06-27,3791.0,205.0,427.3,2235.0
2019-06-28,3735.0,205.0,426.9,2177.5
2019-07-01,3729.5,204.5,429.4,2136.5
2019-07-02,3769.0,204.9,429.1,2240.0
2019-07-03,3785.0,204.3,428.4,2258.0
2019-07-04,3833.0,205.3,428.7,2230.5
2019-07-05,3832.5,206.6,429.0,2254.0
2019-07-08,3935.0,210.6,430.9,2220.0
2019-07-09,3930.0,213.3,429.5,2179.5
2019-07-10,3911.0,213.0,432.4,2215.5
2019-07-11,3860.0,213.0,430.4,2171.0
2019-07-12,3863.5,215.2,429.8,2197.0
2019-07-15,3878.5,214.7,431.6,2210.0
2019-07-16,3867.0,213.9,431.3,2249.0
2019-07-17,3869.5,215.3,427.2,2192.0
2019-07-18,3845.5,217.4,430.0,2188.0
2019-07-19,3820.0,217.4,428.8,2180.0
2019-07-22,3751.0,216.0,429.4,2101.0
2019-07-23,3807.0,218.0,428.3,2136.5
2019-07-24,3800.0,216.0,430.8,2129.5
2019-07-25,3793.5,213.8,422.8,2140.0
2019-07-26,3780.0,213.3,419.9,2118.5
2019-07-29,3784.5,211.1,425.3,2101.5
2019-07-30,3782.5,212.0,422.2,2110.5
2019-07-31,3785.0,212.6,429.0,2100.5
2019-08-01,3759.0,212.9,424.0,2165.5
2019-08-02,3690.0,215.6,424.5,2136.0
2019-08-05,3581.0,213.3,424.4,2058.0
2019-08-06,3594.0,213.6,425.6,2072.0
2019-08-07,3532.5,214.8,446.5,2042.0
2019-08-08,3582.5,215.2,423.3,2044.0
2019-08-09,3545.0,214.7,428.9,2056.5
2019-08-12,3559.0,215.6,425.6,2090.0
2019-08-13,3585.5,217.5,423.6,2095.5
2019-08-14,3605.0,218.0,426.5,2073.0
2019-08-15,3586.0,218.2,424.5,2126.0
2019-08-16,3601.0,219.1,431.7,2118.5
2019-08-19,3633.0,220.7,431.6,2125.0
2019-08-20,3584.0,219.9,449.9,2146.5
2019-08-21,3571.0,218.1,446.9,2218.0
2019-08-22,3535.0,222.0,450.2,2194.5
2019-08-23,3520.5,222.0,444.7,2153.0
2019-08-26,3529.5,217.5,447.2,2160.0
2019-08-27,3525.5,218.0,434.2,2148.5
2019-08-28,3543.5,219.6,440.3,2158.0
2019-08-29,3580.0,220.0,444.0,2232.0
2019-08-30,3690.0,219.0,463.5,2298.5
2019-09-02,3656.0,221.4,457.5,2302.5
2019-09-03,3624.0,224.0,448.9,2267.0
2019-09-04,3608.0,224.4,455.0,2242.0
2019-09-05,3599.5,224.1,455.0,2300.0
2019-09-06,3574.5,222.0,449.6,2287.0
2019-09-09,3550.0,222.0,446.9,2304.0
2019-09-10,3575.0,222.7,453.7,2319.5
2019-09-11,3585.0,222.5,453.9,2390.0
2019-09-12,3625.0,220.3,447.3,2369.0
2019-09-13,3620.0,220.3,450.0,2340.0
2019-09-16,3633.0,218.4,446.2,2334.5
2019-09-17,3650.0,221.5,439.1,2308.0
2019-09-18,3671.5,219.7,439.5,2275.0
2019-09-19,3620.0,216.0,415.0,2262.0
2019-09-20,3630.0,218.0,434.0,2218.0
2019-09-23,3630.0,218.2,426.2,2200.5
2019-09-24,3562.0,217.4,425.3,2220.5
2019-09-25,3539.5,218.0,423.0,2206.0
2019-09-26,3587.0,218.5,427.5,2263.5
2019-09-27,3559.5,218.1,424.9,2226.5
2019-09-30,3558.0,217.4,422.0,2279.0
2019-10-01,3540.5,217.6,413.9,2318.0
2019-10-02,3504.0,216.9,407.0,2261.5
2019-10-03,3427.0,216.4,392.6,2155.0
2019-10-04,3379.5,214.8,391.8,2158.0
2019-10-07,3355.0,216.1,389.9,2092.0
2019-10-08,3292.5,216.0,386.2,2106.5
2019-10-09,3321.5,215.0,392.0,2095.0
2019-10-10,3277.0,216.5,393.9,2068.0
2019-10-11,3211.5,214.4,395.7,2007.0
2019-10-14,3136.5,214.0,395.8,1999.0
2019-10-15,3215.0,215.1,403.7,2040.0
2019-10-16,3254.5,214.7,406.6,2040.0
2019-10-17,3239.5,214.6,423.0,2020.0
2019-10-18,3215.0,215.7,420.4,2044.5
2019-10-21,3175.0,213.9,426.6,1963.0
2019-10-22,3230.0,214.2,429.4,2044.5
2019-10-23,3214.0,213.1,412.5,2003.0
2019-10-24,3231.0,210.0,410.0,2030.0
2019-10-25,3182.0,207.3,409.5,1991.0
2019-10-28,3168.0,205.0,411.5,2069.0
2019-10-29,3211.0,208.0,417.8,2080.0
2019-10-30,3201.5,206.7,419.3,2124.0
2019-10-31,3232.0,205.3,425.4,2147.0
2019-11-01,3273.5,206.7,448.8,2168.0
2019-11-05,3346.5,207.9,458.8,2230.0
2019-11-06,3350.0,208.7,472.2,2269.0
2019-11-07,3360.0,210.0,484.2,2265.0
2019-11-08,3303.0,209.4,489.6,2230.0
2019-11-11,3305.0,208.1,495.9,2205.5
2019-11-12,3320.5,207.7,495.8,2221.0
2019-11-13,3333.0,205.7,492.3,2224.0
2019-11-14,3317.0,205.5,489.2,2194.5
2019-11-15,3305.5,207.0,487.4,2157.5
2019-11-18,3294.5,206.1,487.0,2170.5
2019-11-19,3334.0,205.5,490.0,2171.0
2019-11-20,3314.0,206.1,489.9,2150.5
2019-11-21,3270.0,205.8,491.0,2119.5
2019-11-22,3261.0,205.4,490.7,2149.0
2019-11-25,3240.0,206.0,494.0,2160.0
2019-11-26,3241.5,205.6,480.1,2124.5
2019-11-27,3245.5,205.4,490.2,2142.5
2019-11-28,3259.5,205.9,493.3,2115.0
2019-11-29,3283.0,204.1,493.3,2144.0
2019-12-02,3253.5,203.4,500.2,2087.5
2019-12-03,3180.0,202.5,518.4,2056.0
2019-12-04,3195.5,201.9,544.9,2061.0
2019-12-05,3199.0,202.0,580.1,2055.0
2019-12-06,3207.0,200.8,604.2,2090.0
2019-12-09,3231.5,200.7,587.0,2117.5
2019-12-10,3234.0,200.3,588.0,2132.5
2019-12-11,3230.5,200.5,585.1,2181.0
2019-12-12,3235.0,197.8,600.0,2232.5
2019-12-13,3265.5,195.9,585.0,2237.5
2019-12-16,3265.5,197.0,545.0,2154.0
2019-12-17,3272.5,197.9,555.7,2147.0
2019-12-18,3271.0,193.6,517.1,2165.0
2019-12-19,3276.0,195.0,515.5,2110.0
2019-12-20,3297.0,194.0,499.0,2082.0
2019-12-23,3340.0,194.0,501.0,2111.0
2019-12-24,3371.5,194.2,508.1,2118.5
2019-12-25,3416.0,193.9,529.0,2105.5
2019-12-26,3449.0,194.1,531.5,2094.5
2019-12-27,3428.0,193.0,523.9,2131.0
2019-12-30,3425.0,192.0,518.6,2134.5
2020-01-03,3445.5,191.8,526.0,2130.5
2020-01-06,3416.0,192.0,519.5,2119.0
2020-01-08,3427.0,191.6,514.9,2109.0
2020-01-09,3348.0,192.0,514.9,2152.0
2020-01-10,3319.5,194.2,522.4,2202.0
2020-01-13,3345.0,194.2,512.0,2209.5
2020-01-14,3339.0,194.1,508.2,2150.5
2020-01-15,3440.0,194.0,509.0,2095.0
2020-01-16,3625.0,195.1,509.2,2100.5
2020-01-17,3623.0,196.9,510.4,2110.0
2020-01-20,3855.0,198.8,516.6,2089.5
2020-01-21,3840.0,197.9,522.0,2098.0
2020-01-22,3750.0,196.4,518.8,2150.5
2020-01-23,3702.5,194.5,516.0,2167.0
2020-01-24,3796.0,194.0,519.8,2192.5
2020-01-27,3708.5,191.7,523.7,2228.0
2020-01-28,3751.0,192.4,516.4,2205.0
2020-01-29,3819.5,196.1,514.0,2264.5
2020-01-30,3830.0,195.7,509.0,2354.5
2020-01-31,3727.0,192.5,519.8,2335.0
2020-02-03,3720.5,192.6,510.4,2339.5
2020-02-04,3750.0,193.6,511.7,2323.5
2020-02-05,3783.5,193.9,512.0,2283.5
2020-02-06,3713.0,192.7,514.0,2269.5
2020-02-07,3640.0,192.5,508.5,2236.0
2020-02-10,3564.5,190.0,508.8,2175.0
2020-02-11,3575.0,190.4,512.4,2166.5
2020-02-12,3760.0,191.5,511.9,2187.0
2020-02-13,3750.0,192.0,510.0,2177.0
2020-02-14,3669.0,194.0,511.0,2152.0
2020-02-17,3697.0,194.5,508.0,2164.0
2020-02-18,3620.0,192.7,501.7,2172.5
2020-02-19,3640.5,192.8,504.0,2256.5
2020-02-20,3641.0,193.6,504.1,2241.5
2020-02-21,3625.0,192.5,504.0,2252.0
2020-02-25,3503.0,187.0,473.8,2156.0
2020-02-26,3529.0,184.0,469.0,2168.5
2020-02-27,3345.0,176.0,490.0,2102.5
2020-02-28,3160.5,161.5,484.1,2070.5
2020-03-02,3201.0,163.3,494.4,2061.0
2020-03-03,3150.0,165.6,507.5,2088.0
2020-03-04,3130.0,163.0,507.0,2093.0
2020-03-05,3121.0,161.0,512.0,2119.0
2020-03-06,2984.0,155.1,517.9,2000.0
2020-03-10,2669.5,143.4,484.5,1835.0
2020-03-11,2705.0,144.9,485.0,1862.5
2020-03-12,2337.0,125.5,490.0,1643.0
2020-03-13,2501.0,131.4,465.0,1760.5
2020-03-16,2636.0,132.8,440.5,1761.5
2020-03-17,2765.5,135.7,432.6,1647.0
2020-03-18,2780.0,142.5,431.0,1702.0
2020-03-19,2950.0,150.2,403.3,1737.5
2020-03-20,3002.5,156.4,388.0,1951.5
2020-03-23,2986.0,154.6,385.3,2065.5
2020-03-24,3020.0,154.0,389.8,2084.0
2020-03-25,3070.0,152.1,387.9,1974.0
2020-03-26,3249.5,152.3,410.0,2006.5
2020-03-27,3140.0,148.0,387.4,1978.0
2020-03-30,3128.5,150.5,387.0,2020.0
2020-03-31,3202.5,151.6,390.0,2091.5
2020-04-01,3140.0,150.1,385.0,2135.0
2020-04-02,3190.0,150.3,371.5,2182.5
2020-04-03,3189.0,148.9,365.1,2230.0
2020-04-06,3262.0,150.1,366.9,2346.0
2020-04-07,3255.0,150.2,377.8,2255.5
2020-04-08,3372.5,154.0,380.4,2290.0
2020-04-09,3318.0,153.6,381.3,2275.0
2020-04-10,3321.5,152.2,379.5,2224.0
2020-04-13,3286.0,151.8,373.1,2170.0
2020-04-14,3362.0,152.7,372.2,2169.5
2020-04-15,3244.5,147.7,353.0,2106.5
2020-04-16,3196.5,146.6,342.1,2154.5
2020-04-17,3236.0,148.0,337.0,2113.0
2020-04-20,3165.0,150.1,342.6,2081.0
2020-04-21,3142.5,148.0,349.0,2130.5
2020-04-22,3205.0,148.6,361.1,2218.0
2020-04-23,3287.0,150.5,357.6,2205.0
2020-04-24,3215.5,149.5,352.2,2147.0
2020-04-27,3356.0,150.6,360.6,2184.0
2020-04-28,3380.0,150.0,362.0,2195.0
2020-04-29,3467.0,151.9,365.1,2198.0
2020-04-30,3690.0,153.9,363.7,2200.5
2020-05-04,3760.0,155.9,358.6,2207.0
2020-05-05,3702.0,157.7,362.4,2184.5
2020-05-06,3690.0,156.5,363.4,2163.5
2020-05-07,3694.0,157.1,361.9,2238.0
2020-05-08,3663.0,157.5,362.0,2227.0
2020-05-12,3575.5,153.6,360.0,2215.0
2020-05-13,3631.0,151.5,354.0,2217.0
2020-05-14,3508.0,150.0,351.7,2216.0
2020-05-15,3544.5,149.6,345.1,2151.0
2020-05-18,3619.5,151.4,341.0,2212.0
2020-05-19,3657.0,151.9,337.5,2186.5
2020-05-20,3640.0,150.6,341.4,2181.5
2020-05-21,3600.0,150.3,353.0,2207.0
2020-05-22,3616.0,150.4,343.4,2192.5
2020-05-25,3635.0,153.6,348.4,2237.0
2020-05-26,3615.5,153.3,351.0,2224.0
2020-05-27,3744.5,152.1,348.4,2239.0
2020-05-28,3827.0,152.8,348.5,2189.5
2020-05-29,3740.0,152.0,340.0,2089.0
2020-06-01,3832.0,153.6,351.9,2103.5
2020-06-02,3899.5,156.1,395.0,2180.0
2020-06-03,3869.0,169.9,394.4,2163.0
2020-06-04,3836.0,162.7,386.1,2125.0
2020-06-05,3846.0,167.4,408.0,2126.0
2020-06-08,3950.0,176.0,418.0,2120.0
2020-06-09,3929.0,173.4,419.0,2070.5
2020-06-10,3995.0,170.9,415.0,2188.5
2020-06-11,4004.0,165.0,412.6,2345.0
2020-06-15,3985.5,168.2,407.5,2329.5
2020-06-16,3950.0,168.7,410.5,2320.5
2020-06-17,3945.0,168.7,407.0,2260.0
2020-06-18,3820.0,167.3,405.2,2267.0
2020-06-19,3980.0,170.2,387.7,2282.5
2020-06-22,4076.0,171.0,406.2,2351.0
2020-06-23,4115.0,171.0,401.1,2369.0
2020-06-25,4140.5,166.4,400.0,2419.0
2020-06-26,4180.5,164.6,407.8,2482.0
2020-06-29,4156.5,167.1,404.7,2518.0
2020-06-30,4035.0,170.0,406.7,2502.0
2020-07-02,4202.0,171.7,404.3,2512.5
2020-07-03,4222.0,170.6,404.4,2566.0
2020-07-06,4332.0,170.8,404.0,2606.5
2020-07-07,4242.0,172.7,404.0,2608.5
2020-07-08,4225.0,173.8,401.0,2537.5
2020-07-09,4337.0,174.9,400.1,2509.0
2020-07-10,4307.0,175.6,401.7,2549.5
2020-07-13,4291.0,175.0,402.4,2509.5
2020-07-14,4259.5,174.2,391.0,2475.0
2020-07-15,4298.0,173.6,395.0,2493.0
2020-07-16,4303.5,176.2,393.1,2541.0
2020-07-17,4302.0,178.2,399.0,2521.5
2020-07-20,4476.5,179.2,403.7,2518.0
2020-07-21,4648.0,180.4,415.0,2654.5
2020-07-22,4690.0,183.0,428.5,2709.0
2020-07-23,4720.0,187.7,450.0,2780.0
2020-07-24,4782.5,186.2,446.2,2790.0
2020-07-27,4752.0,200.0,443.5,2780.0
2020-07-28,4768.0,216.4,432.2,2869.0
2020-07-29,4698.0,231.0,435.2,2839.5
2020-07-30,4675.5,224.0,433.0,2790.0
2020-07-31,4586.0,214.6,431.3,2780.0
2020-08-03,4614.0,217.0,446.0,2770.0
2020-08-04,4658.5,216.9,476.7,2820.0
2020-08-05,4632.0,214.3,481.0,2827.0
2020-08-06,4606.5,214.0,467.1,2849.0
2020-08-07,4618.0,210.9,465.8,2844.5
2020-08-10,4613.5,207.9,462.0,2837.0
2020-08-11,4622.0,205.6,469.2,2815.0
2020-08-12,4619.5,206.6,467.0,2802.0
2020-08-13,4738.5,210.9,471.1,2865.5
2020-08-14,4763.5,209.9,467.4,2828.0
2020-08-17,4688.0,207.0,465.9,2822.5
2020-08-18,4690.5,205.0,481.3,2820.0
2020-08-19,4671.5,205.2,485.0,2806.0
2020-08-20,4561.5,201.1,485.9,2818.0
2020-08-21,4523.0,200.5,502.6,2790.0
2020-08-24,4608.0,205.7,537.4,2866.0
2020-08-25,4642.5,206.1,572.8,2846.0
2020-08-26,4666.0,209.2,584.5,2837.0
2020-08-27,4728.0,207.7,573.0,2774.0
2020-08-28,4581.5,204.4,557.0,2713.0
2020-08-31,4474.5,203.6,562.7,2674.0
2020-09-01,4497.5,203.7,572.5,2622.0
2020-09-02,4564.5,202.6,579.0,2661.0
2020-09-03,4565.0,206.2,578.0,2658.0
2020-09-04,4590.5,204.1,562.8,2672.0
2020-09-07,4558.5,205.0,568.5,2639.5
2020-09-08,4535.0,202.5,567.5,2683.0
2020-09-09,4456.0,203.0,586.4,2603.0
2020-09-10,4475.0,203.5,586.4,2608.5
2020-09-11,4663.5,206.0,583.0,2597.5
2020-09-14,4671.5,205.4,583.4,2623.0
2020-09-15,4724.5,208.1,582.1,2697.0
2020-09-16,4710.0,207.4,580.8,2682.5
2020-09-17,4863.0,209.7,583.4,2809.5
2020-09-18,4805.0,210.0,576.0,2821.5
2020-09-21,4772.5,213.6,590.2,2841.5
2020-09-22,4962.0,211.2,603.3,2893.0
2020-09-23,4989.5,216.4,603.7,2954.5
2020-09-24,5057.0,217.9,636.0,2999.5
2020-09-25,5025.0,213.2,628.8,2965.0
2020-09-28,5080.0,226.0,653.5,2959.0
2020-09-29,4965.5,224.0,656.6,2937.0
2020-09-30,4956.0,227.1,679.1,2887.5
2020-10-01,4896.0,230.1,683.7,2841.5
2020-10-02,4906.5,227.0,682.7,2870.0
2020-10-05,4895.0,228.0,696.7,2915.0
2020-10-06,4879.0,227.4,687.4,2907.5
2020-10-07,4766.5,223.9,683.4,2868.5
2020-10-08,4722.0,220.4,675.0,2845.0
2020-10-09,4690.5,216.2,658.0,2825.0
2020-10-12,4859.0,223.5,646.0,2955.0
2020-10-13,4837.0,223.0,690.6,2880.0
2020-10-14,4912.0,224.5,687.0,3031.5
2020-10-15,4741.0,220.0,680.7,3005.0
2020-10-16,4782.0,220.5,670.8,3070.0
2020-10-19,4914.5,221.0,653.0,3119.0
2020-10-20,4910.5,226.3,666.0,3024.5
2020-10-21,4863.0,220.1,668.9,2964.5
2020-10-22,4900.5,218.0,672.8,2969.0
2020-10-23,4855.5,218.3,677.1,2994.5
2020-10-26,4799.5,220.3,678.4,2882.5
2020-10-27,4784.0,219.9,680.0,2824.5
2020-10-28,4702.0,208.8,672.3,2797.0
2020-10-29,4659.0,209.8,685.0,2781.0
2020-10-30,4706.0,206.0,680.5,2776.5
2020-11-02,4829.0,206.0,684.0,2856.0
2020-11-03,4770.0,206.2,677.5,2840.0
2020-11-05,4741.5,209.2,685.0,2829.0
2020-11-06,4796.0,209.6,685.8,2846.5
2020-11-09,4893.5,214.5,692.5,2841.0
2020-11-10,4945.0,211.4,671.4,2822.0
2020-11-11,4780.0,213.0,687.2,2733.5
2020-11-12,4910.0,219.3,700.0,2784.5
2020-11-13,4932.0,221.2,706.8,2776.5
2020-11-16,4982.0,221.7,730.9,2772.0
2020-11-17,4891.5,218.0,729.6,2729.5
2020-11-18,4980.0,219.2,736.9,2729.0
2020-11-19,5012.5,219.1,716.4,2720.0
2020-11-20,4933.0,219.7,718.5,2675.0
2020-11-23,4945.0,218.4,722.0,2637.0
2020-11-24,4910.0,218.7,712.8,2612.0
2020-11-25,4891.5,217.1,694.3,2633.0
2020-11-26,4971.5,219.7,700.1,2727.0
2020-11-27,4985.5,220.4,701.0,2775.0
2020-11-30,4979.0,219.0,722.8,2746.5
2020-12-01,5019.5,218.8,729.7,2814.0
2020-12-02,4995.0,220.6,749.0,2829.0
2020-12-03,5008.0,221.6,729.6,2783.5
2020-12-04,4992.5,227.7,735.0,2786.0
2020-12-07,5008.0,223.9,730.7,2772.0
2020-12-08,5040.5,227.8,716.9,2737.5
2020-12-09,5384.0,234.4,726.5,2830.5
2020-12-10,5384.5,232.1,708.7,2860.5
2020-12-11,5381.0,234.7,716.5,2858.0
2020-12-14,5512.0,243.3,709.2,2890.0
2020-12-15,5494.0,254.0,707.2,2889.5
2020-12-16,5432.0,251.0,713.3,2831.5
2020-12-17,5421.0,245.5,708.3,2766.5
2020-12-18,5449.0,252.9,700.7,2740.0
2020-12-21,5362.0,244.2,703.7,2688.0
2020-12-22,5346.0,249.6,705.0,2720.5
2020-12-23,5356.0,254.0,710.0,2695.5
2020-12-24,5424.5,252.5,722.8,2691.0
2020-12-25,5474.5,254.1,715.3,2731.5
2020-12-28,5599.0,258.5,710.0,2742.5
2020-12-29,5643.0,258.2,709.2,2745.0
2020-12-30,5685.5,262.7,712.0,2749.0
2021-01-04,5744.0,268.0,725.3,2752.5
2021-01-05,5762.5,273.7,720.2,2863.0
2021-01-06,5534.0,272.1,715.7,2816.0
2021-01-08,5478.0,266.4,721.0,2830.0
2021-01-11,5484.5,266.5,715.0,2815.5
2021-01-12,5450.5,264.5,717.5,2774.5
2021-01-13,5410.0,264.9,710.1,2772.5
2021-01-14,5375.5,265.5,715.7,2765.5
2021-01-15,5210.0,264.6,740.3,2708.0
2021-01-18,5219.0,260.9,719.0,2725.5
2021-01-19,5183.5,259.7,735.0,2774.5
2021-01-20,5161.5,264.3,726.0,2785.0
2021-01-21,5060.0,259.7,715.2,2805.0
2021-01-22,4991.0,255.9,719.1,2800.0
2021-01-25,5168.5,258.1,728.8,2818.0
2021-01-26,5175.0,262.7,727.1,2782.0
2021-01-27,5087.5,261.3,735.5,2770.0
2021-01-28,5060.0,254.7,729.9,2767.5
2021-01-29,4924.0,251.0,715.5,2690.5
2021-02-01,4948.5,250.7,727.0,2687.0
2021-02-02,5014.5,252.5,737.3,2695.5
2021-02-03,5048.5,251.7,734.6,2710.0
2021-02-04,5062.5,252.4,729.9,2662.0
2021-02-05,4996.0,251.8,732.6,2649.5
2021-02-08,5107.5,256.2,803.0,2644.0
2021-02-09,5273.0,259.0,794.2,2627.0
2021-02-10,5197.0,255.1,827.1,2615.0
2021-02-11,5117.5,258.7,803.1,2604.5
2021-02-12,5169.0,255.2,780.7,2602.0
2021-02-15,5280.0,262.8,797.2,2656.0
2021-02-16,5297.5,260.2,823.0,2664.5
2021-02-17,5260.0,256.8,833.4,2639.5
2021-02-18,5155.5,253.9,834.7,2579.0
2021-02-19,5172.5,251.0,826.3,2577.5
2021-02-20,5149.5,253.4,826.8,2591.0
2021-02-22,5098.0,256.5,819.9,2536.5
2021-02-24,5008.0,266.1,820.2,2480.5
2021-02-25,4919.5,274.0,822.0,2483.5
2021-02-26,4929.0,264.0,820.4,2452.5
2021-03-01,4970.5,261.5,848.0,2439.0
2021-03-02,5068.5,262.1,870.0,2449.0
2021-03-03,5030.0,264.0,863.2,2474.0
2021-03-04,4965.5,262.3,848.8,2422.5
2021-03-05,5010.0,257.3,816.2,2446.0
2021-03-09,4980.5,257.7,799.0,2435.0
2021-03-10,5070.0,256.5,788.8,2425.5
2021-03-11,5096.5,258.4,756.8,2518.5
2021-03-12,5135.5,257.2,726.6,2488.0
2021-03-15,5217.5,258.4,740.0,2500.0
2021-03-16,5170.5,258.6,735.2,2490.0
2021-03-17,5274.5,270.0,712.9,2575.5
2021-03-18,5362.0,262.0,720.3,2609.5
2021-03-19,5428.5,254.0,711.1,2545.0
2021-03-22,5409.0,256.0,717.7,2483.5
2021-03-23,5300.5,248.8,720.9,2431.0
2021-03-24,5354.5,247.9,721.5,2433.5
2021-03-25,5294.5,243.9,716.0,2409.5
2021-03-26,5348.0,246.7,720.0,2395.0
2021-03-29,5300.0,247.0,726.0,2411.5
2021-03-30,5281.0,246.6,719.7,2400.0
2021-03-31,5344.5,245.4,728.0,2448.0
2021-04-01,5293.5,245.9,726.2,2435.0
2021-04-02,5301.5,246.3,723.0,2444.0
2021-04-05,5254.5,245.3,724.0,2448.0
2021-04-06,5110.5,244.3,714.0,2394.0
2021-04-07,5080.0,240.7,716.7,2379.5
2021-04-08,5099.0,239.5,724.0,2397.0
2021-04-09,5135.0,235.2,720.0,2386.0
2021-04-12,5180.0,239.5,714.6,2421.0
2021-04-13,5134.5,241.6,713.0,2411.0
2021-04-14,5095.0,240.9,708.3,2383.0
2021-04-15,5111.5,237.0,700.0,2392.0
2021-04-16,5111.5,238.8,689.7,2389.0
2021-04-19,5095.5,240.3,697.5,2392.0
2021-04-20,5086.0,237.3,698.9,2372.0
